Element Id,Parameter Name,Parameter Type,Parameter Unit,Parameter Value
10184039,Flow,Double,L/s,0.0
10185055,Flow,Double,L/s,0.0
10185258,Flow,Double,L/s,0.0
10185824,Flow,Double,L/s,0.0
10185877,Flow,Double,L/s,0.0
10186161,Flow,Double,L/s,0.0
10186162,Flow,Double,L/s,0.0
10186165,Flow,Double,L/s,0.0
10186167,Flow,Double,L/s,0.0
10186169,Flow,Double,L/s,0.0
10186171,Flow,Double,L/s,0.0
10186174,Flow,Double,L/s,0.0
10186176,Flow,Double,L/s,0.0
10186178,Flow,Double,L/s,0.0
10186180,Flow,Double,L/s,0.0
10186182,Flow,Double,L/s,0.0
10186217,Flow,Double,L/s,0.0
10186218,Flow,Double,L/s,0.0
10186221,Flow,Double,L/s,0.0
10186223,Flow,Double,L/s,0.0
10186225,Flow,Double,L/s,0.0
10186227,Flow,Double,L/s,0.0
10186230,Flow,Double,L/s,0.0
10186232,Flow,Double,L/s,0.0
10186234,Flow,Double,L/s,0.0
10186236,Flow,Double,L/s,0.0
10186238,Flow,Double,L/s,0.0
10187295,Flow,Double,L/s,0.0
10187296,Flow,Double,L/s,0.0
10187299,Flow,Double,L/s,0.0
10187301,Flow,Double,L/s,0.0
10187303,Flow,Double,L/s,0.0
10187305,Flow,Double,L/s,0.0
10187308,Flow,Double,L/s,0.0
10187310,Flow,Double,L/s,0.0
10187312,Flow,Double,L/s,0.0
10187314,Flow,Double,L/s,0.0
10187316,Flow,Double,L/s,0.0
10431143,Flow,Double,L/s,0.0
10431350,Flow,Double,L/s,0.0
10431589,Flow,Double,L/s,0.0
10432191,Flow,Double,L/s,0.0
10432686,Flow,Double,L/s,0.0
10432758,Flow,Double,L/s,0.0
10433783,Flow,Double,L/s,0.0
10433784,Flow,Double,L/s,0.0
10433785,Flow,Double,L/s,0.0
10434307,Flow,Double,L/s,0.0
10434467,Flow,Double,L/s,0.0
10434480,Flow,Double,L/s,0.0
10434491,Flow,Double,L/s,0.0
10435291,Flow,Double,L/s,0.0
10435343,Flow,Double,L/s,0.0
10435357,Flow,Double,L/s,0.0
10435504,Flow,Double,L/s,0.0
10435898,Flow,Double,L/s,0.0
10436025,Flow,Double,L/s,0.0
10581997,Flow,Double,L/s,0.0
10582000,Flow,Double,L/s,0.0
10582002,Flow,Double,L/s,0.0
10582004,Flow,Double,L/s,0.0
10582006,Flow,Double,L/s,0.0
10582008,Flow,Double,L/s,0.0
10582097,Flow,Double,L/s,0.0
10582098,Flow,Double,L/s,0.0
10582101,Flow,Double,L/s,0.0
10582102,Flow,Double,L/s,0.0
10582104,Flow,Double,L/s,0.0
10582105,Flow,Double,L/s,0.0
10582107,Flow,Double,L/s,0.0
10582109,Flow,Double,L/s,0.0
10582111,Flow,Double,L/s,0.0
10582113,Flow,Double,L/s,0.0
10582326,Flow,Double,L/s,0.0
10585348,Flow,Double,L/s,0.0
10944358,Flow,Double,L/s,0.0
10944427,Flow,Double,L/s,0.0
10944428,Flow,Double,L/s,0.0
10944565,Flow,Double,L/s,0.0
10944949,Flow,Double,L/s,0.0
10945451,Flow,Double,L/s,0.0
10945486,Flow,Double,L/s,0.0
10945517,Flow,Double,L/s,0.0
10945518,Flow,Double,L/s,0.0
10945570,Flow,Double,L/s,0.0
10945808,Flow,Double,L/s,0.0
10945855,Flow,Double,L/s,0.0
10945900,Flow,Double,L/s,0.0
10945943,Flow,Double,L/s,0.0
10946078,Flow,Double,L/s,0.0
10946142,Flow,Double,L/s,0.0
10946295,Flow,Double,L/s,0.0
10946359,Flow,Double,L/s,0.0
10946360,Flow,Double,L/s,0.0
10946378,Flow,Double,L/s,0.0
10946413,Flow,Double,L/s,0.0
10946487,Flow,Double,L/s,0.0
10946495,Flow,Double,L/s,0.0
10946963,Flow,Double,L/s,0.0
10947308,Flow,Double,L/s,0.0
10948045,Flow,Double,L/s,0.0
10948082,Flow,Double,L/s,0.0
10948247,Flow,Double,L/s,0.0
10948677,Flow,Double,L/s,0.0
10949097,Flow,Double,L/s,0.0
10949104,Flow,Double,L/s,0.0
10949534,Flow,Double,L/s,0.0
10949586,Flow,Double,L/s,0.0
10949886,Flow,Double,L/s,0.0
10949923,Flow,Double,L/s,0.0
10949993,Flow,Double,L/s,0.0
10950061,Flow,Double,L/s,0.0
10950062,Flow,Double,L/s,0.0
10950093,Flow,Double,L/s,0.0
10950094,Flow,Double,L/s,0.0
10950114,Flow,Double,L/s,0.0
10950219,Flow,Double,L/s,0.0
10950228,Flow,Double,L/s,0.0
10950583,Flow,Double,L/s,0.0
10950764,Flow,Double,L/s,0.0
10950785,Flow,Double,L/s,0.0
10950800,Flow,Double,L/s,0.0
11093302,Flow,Double,L/s,0.0
11093456,Flow,Double,L/s,0.0
11093652,Flow,Double,L/s,0.0
11093804,Flow,Double,L/s,0.0
11093887,Flow,Double,L/s,0.0
11094375,Flow,Double,L/s,0.0
11094384,Flow,Double,L/s,0.0
11094484,Flow,Double,L/s,0.0
11094506,Flow,Double,L/s,0.0
11179535,Flow,Double,L/s,0.0
11179755,Flow,Double,L/s,0.0
11179756,Flow,Double,L/s,0.0
11180083,Flow,Double,L/s,0.0
11180132,Flow,Double,L/s,0.0
11180142,Flow,Double,L/s,0.0
11180338,Flow,Double,L/s,0.0
11180434,Flow,Double,L/s,0.0
11180520,Flow,Double,L/s,0.0
11180841,Flow,Double,L/s,0.0
11180855,Flow,Double,L/s,0.0
11180872,Flow,Double,L/s,0.0
11180923,Flow,Double,L/s,0.0
11180924,Flow,Double,L/s,0.0
11181001,Flow,Double,L/s,0.0
11181247,Flow,Double,L/s,0.0
11181351,Flow,Double,L/s,0.0
11181352,Flow,Double,L/s,0.0
11181554,Flow,Double,L/s,0.0
11181884,Flow,Double,L/s,0.0
11181946,Flow,Double,L/s,0.0
11182043,Flow,Double,L/s,0.0
11182546,Flow,Double,L/s,0.0
11182597,Flow,Double,L/s,0.0
11182892,Flow,Double,L/s,0.0
11182934,Flow,Double,L/s,0.0
11182972,Flow,Double,L/s,0.0
11183223,Flow,Double,L/s,0.0
11183224,Flow,Double,L/s,0.0
11183252,Flow,Double,L/s,0.0
11183289,Flow,Double,L/s,0.0
11183410,Flow,Double,L/s,0.0
11183411,Flow,Double,L/s,0.0
11183429,Flow,Double,L/s,0.0
11183458,Flow,Double,L/s,0.0
11183547,Flow,Double,L/s,0.0
11183593,Flow,Double,L/s,0.0
11183621,Flow,Double,L/s,0.0
11183649,Flow,Double,L/s,0.0
11183790,Flow,Double,L/s,0.0
11183817,Flow,Double,L/s,0.0
11183847,Flow,Double,L/s,0.0
11183876,Flow,Double,L/s,0.0
11183937,Flow,Double,L/s,0.0
11183948,Flow,Double,L/s,0.0
11184049,Flow,Double,L/s,0.0
11184058,Flow,Double,L/s,0.0
11184133,Flow,Double,L/s,0.0
11184157,Flow,Double,L/s,0.0
11184275,Flow,Double,L/s,0.0
11184316,Flow,Double,L/s,0.0
11184392,Flow,Double,L/s,0.0
11184414,Flow,Double,L/s,0.0
11184515,Flow,Double,L/s,0.0
11184628,Flow,Double,L/s,0.0
11184764,Flow,Double,L/s,0.0
11184943,Flow,Double,L/s,0.0
11185304,Flow,Double,L/s,0.0
11185311,Flow,Double,L/s,0.0
11185406,Flow,Double,L/s,0.0
11185411,Flow,Double,L/s,0.0
11185465,Flow,Double,L/s,0.0
11185647,Flow,Double,L/s,0.0
11185654,Flow,Double,L/s,0.0
11185688,Flow,Double,L/s,0.0
11185956,Flow,Double,L/s,0.0
11186049,Flow,Double,L/s,0.0
11186085,Flow,Double,L/s,0.0
11186100,Flow,Double,L/s,0.0
11186216,Flow,Double,L/s,0.0
11186951,Flow,Double,L/s,0.0
11187033,Flow,Double,L/s,0.0
11187694,Flow,Double,L/s,0.0
11187701,Flow,Double,L/s,0.0
11191865,Flow,Double,L/s,0.0
11192385,Flow,Double,L/s,0.0
11193712,Flow,Double,L/s,0.0
11199379,Flow,Double,L/s,0.0
11200494,Flow,Double,L/s,0.0
11201327,Flow,Double,L/s,0.0
11201425,Flow,Double,L/s,0.0
11201443,Flow,Double,L/s,0.0
11201502,Flow,Double,L/s,0.0
11201545,Flow,Double,L/s,0.0
11201583,Flow,Double,L/s,0.0
11201775,Flow,Double,L/s,0.0
11201776,Flow,Double,L/s,0.0
11201779,Flow,Double,L/s,0.0
11201781,Flow,Double,L/s,0.0
11201783,Flow,Double,L/s,0.0
11201785,Flow,Double,L/s,0.0
11201788,Flow,Double,L/s,0.0
11201790,Flow,Double,L/s,0.0
11201792,Flow,Double,L/s,0.0
11201794,Flow,Double,L/s,0.0
11201796,Flow,Double,L/s,0.0
11201799,Flow,Double,L/s,0.0
11201801,Flow,Double,L/s,0.0
11201803,Flow,Double,L/s,0.0
11201938,Flow,Double,L/s,0.0
11201939,Flow,Double,L/s,0.0
11201942,Flow,Double,L/s,0.0
11201944,Flow,Double,L/s,0.0
11201946,Flow,Double,L/s,0.0
11201948,Flow,Double,L/s,0.0
11201951,Flow,Double,L/s,0.0
11201953,Flow,Double,L/s,0.0
11201955,Flow,Double,L/s,0.0
11201957,Flow,Double,L/s,0.0
11201959,Flow,Double,L/s,0.0
11201962,Flow,Double,L/s,0.0
11201964,Flow,Double,L/s,0.0
11201966,Flow,Double,L/s,0.0
11202868,Flow,Double,L/s,0.0
11202869,Flow,Double,L/s,0.0
11202872,Flow,Double,L/s,0.0
11202874,Flow,Double,L/s,0.0
11202876,Flow,Double,L/s,0.0
11202878,Flow,Double,L/s,0.0
11202881,Flow,Double,L/s,0.0
11202883,Flow,Double,L/s,0.0
11202885,Flow,Double,L/s,0.0
11202887,Flow,Double,L/s,0.0
11202889,Flow,Double,L/s,0.0
11202892,Flow,Double,L/s,0.0
11202894,Flow,Double,L/s,0.0
11202896,Flow,Double,L/s,0.0
11202898,Flow,Double,L/s,0.0
11202899,Flow,Double,L/s,0.0
11202902,Flow,Double,L/s,0.0
11202904,Flow,Double,L/s,0.0
11202906,Flow,Double,L/s,0.0
11202908,Flow,Double,L/s,0.0
11202911,Flow,Double,L/s,0.0
11202913,Flow,Double,L/s,0.0
11202915,Flow,Double,L/s,0.0
11202917,Flow,Double,L/s,0.0
11202919,Flow,Double,L/s,0.0
11202922,Flow,Double,L/s,0.0
11202924,Flow,Double,L/s,0.0
11202926,Flow,Double,L/s,0.0
11203195,Flow,Double,L/s,0.0
11203196,Flow,Double,L/s,0.0
11203199,Flow,Double,L/s,0.0
11203201,Flow,Double,L/s,0.0
11203203,Flow,Double,L/s,0.0
11203205,Flow,Double,L/s,0.0
11203208,Flow,Double,L/s,0.0
11203210,Flow,Double,L/s,0.0
11203212,Flow,Double,L/s,0.0
11203214,Flow,Double,L/s,0.0
11203216,Flow,Double,L/s,0.0
11203218,Flow,Double,L/s,0.0
11203219,Flow,Double,L/s,0.0
11203222,Flow,Double,L/s,0.0
11203224,Flow,Double,L/s,0.0
11203226,Flow,Double,L/s,0.0
11203228,Flow,Double,L/s,0.0
11203231,Flow,Double,L/s,0.0
11203233,Flow,Double,L/s,0.0
11203235,Flow,Double,L/s,0.0
11203237,Flow,Double,L/s,0.0
11203239,Flow,Double,L/s,0.0
11203242,Flow,Double,L/s,0.0
11203244,Flow,Double,L/s,0.0
11203246,Flow,Double,L/s,0.0
11203249,Flow,Double,L/s,0.0
11203251,Flow,Double,L/s,0.0
11203253,Flow,Double,L/s,0.0
11204020,Flow,Double,L/s,0.0
11204021,Flow,Double,L/s,0.0
11204024,Flow,Double,L/s,0.0
11204026,Flow,Double,L/s,0.0
11204028,Flow,Double,L/s,0.0
11204030,Flow,Double,L/s,0.0
11204033,Flow,Double,L/s,0.0
11204035,Flow,Double,L/s,0.0
11204041,Flow,Double,L/s,0.0
11204043,Flow,Double,L/s,0.0
11204045,Flow,Double,L/s,0.0
11204127,Flow,Double,L/s,0.0
11204154,Flow,Double,L/s,0.0
11204178,Flow,Double,L/s,0.0
11204327,Flow,Double,L/s,0.0
11204328,Flow,Double,L/s,0.0
11204331,Flow,Double,L/s,0.0
11204333,Flow,Double,L/s,0.0
11204335,Flow,Double,L/s,0.0
11204337,Flow,Double,L/s,0.0
11204340,Flow,Double,L/s,0.0
11204342,Flow,Double,L/s,0.0
11204344,Flow,Double,L/s,0.0
11204346,Flow,Double,L/s,0.0
11204348,Flow,Double,L/s,0.0
11204350,Flow,Double,L/s,0.0
11204351,Flow,Double,L/s,0.0
11204354,Flow,Double,L/s,0.0
11204356,Flow,Double,L/s,0.0
11204358,Flow,Double,L/s,0.0
11204360,Flow,Double,L/s,0.0
11204363,Flow,Double,L/s,0.0
11204365,Flow,Double,L/s,0.0
11204367,Flow,Double,L/s,0.0
11204369,Flow,Double,L/s,0.0
11204371,Flow,Double,L/s,0.0
11204374,Flow,Double,L/s,0.0
11204376,Flow,Double,L/s,0.0
11204378,Flow,Double,L/s,0.0
11204381,Flow,Double,L/s,0.0
11204383,Flow,Double,L/s,0.0
11204385,Flow,Double,L/s,0.0
11204440,Flow,Double,L/s,0.0
11204441,Flow,Double,L/s,0.0
11204444,Flow,Double,L/s,0.0
11204446,Flow,Double,L/s,0.0
11204448,Flow,Double,L/s,0.0
11204450,Flow,Double,L/s,0.0
11204453,Flow,Double,L/s,0.0
11204455,Flow,Double,L/s,0.0
11204457,Flow,Double,L/s,0.0
11204459,Flow,Double,L/s,0.0
11204461,Flow,Double,L/s,0.0
11204494,Flow,Double,L/s,0.0
11204496,Flow,Double,L/s,0.0
11204498,Flow,Double,L/s,0.0
11204572,Flow,Double,L/s,0.0
11204573,Flow,Double,L/s,0.0
11204576,Flow,Double,L/s,0.0
11204578,Flow,Double,L/s,0.0
11204580,Flow,Double,L/s,0.0
11204582,Flow,Double,L/s,0.0
11204585,Flow,Double,L/s,0.0
11204587,Flow,Double,L/s,0.0
11204589,Flow,Double,L/s,0.0
11204591,Flow,Double,L/s,0.0
11204593,Flow,Double,L/s,0.0
11204596,Flow,Double,L/s,0.0
11204598,Flow,Double,L/s,0.0
11204600,Flow,Double,L/s,0.0
11204641,Flow,Double,L/s,0.0
11204642,Flow,Double,L/s,0.0
11204645,Flow,Double,L/s,0.0
11204647,Flow,Double,L/s,0.0
11204649,Flow,Double,L/s,0.0
11204651,Flow,Double,L/s,0.0
11204654,Flow,Double,L/s,0.0
11204656,Flow,Double,L/s,0.0
11204658,Flow,Double,L/s,0.0
11204660,Flow,Double,L/s,0.0
11204662,Flow,Double,L/s,0.0
11204665,Flow,Double,L/s,0.0
11204667,Flow,Double,L/s,0.0
11204669,Flow,Double,L/s,0.0
11204671,Flow,Double,L/s,0.0
11204672,Flow,Double,L/s,0.0
11204675,Flow,Double,L/s,0.0
11204677,Flow,Double,L/s,0.0
11204679,Flow,Double,L/s,0.0
11204681,Flow,Double,L/s,0.0
11204684,Flow,Double,L/s,0.0
11204686,Flow,Double,L/s,0.0
11204688,Flow,Double,L/s,0.0
11204690,Flow,Double,L/s,0.0
11204692,Flow,Double,L/s,0.0
11204695,Flow,Double,L/s,0.0
11204697,Flow,Double,L/s,0.0
11204699,Flow,Double,L/s,0.0
11204752,Flow,Double,L/s,0.0
11204753,Flow,Double,L/s,0.0
11204756,Flow,Double,L/s,0.0
11204758,Flow,Double,L/s,0.0
11204760,Flow,Double,L/s,0.0
11204762,Flow,Double,L/s,0.0
11204765,Flow,Double,L/s,0.0
11204767,Flow,Double,L/s,0.0
11204769,Flow,Double,L/s,0.0
11204771,Flow,Double,L/s,0.0
11204773,Flow,Double,L/s,0.0
11204776,Flow,Double,L/s,0.0
11204778,Flow,Double,L/s,0.0
11204780,Flow,Double,L/s,0.0
11204782,Flow,Double,L/s,0.0
11204783,Flow,Double,L/s,0.0
11204786,Flow,Double,L/s,0.0
11204788,Flow,Double,L/s,0.0
11204790,Flow,Double,L/s,0.0
11204792,Flow,Double,L/s,0.0
11204795,Flow,Double,L/s,0.0
11204797,Flow,Double,L/s,0.0
11204799,Flow,Double,L/s,0.0
11204801,Flow,Double,L/s,0.0
11204803,Flow,Double,L/s,0.0
11204806,Flow,Double,L/s,0.0
11204808,Flow,Double,L/s,0.0
11204810,Flow,Double,L/s,0.0
11205154,Flow,Double,L/s,0.0
11205155,Flow,Double,L/s,0.0
11205157,Flow,Double,L/s,0.0
11205158,Flow,Double,L/s,0.0
11205162,Flow,Double,L/s,0.0
11205163,Flow,Double,L/s,0.0
11205164,Flow,Double,L/s,0.0
11205167,Flow,Double,L/s,0.0
11205170,Flow,Double,L/s,0.0
11205171,Flow,Double,L/s,0.0
11205173,Flow,Double,L/s,0.0
11205174,Flow,Double,L/s,0.0
11205175,Flow,Double,L/s,0.0
11205178,Flow,Double,L/s,0.0
11205179,Flow,Double,L/s,0.0
11205181,Flow,Double,L/s,0.0
11205184,Flow,Double,L/s,0.0
11229542,Flow,Double,L/s,0.0
11229889,Flow,Double,L/s,0.0
11711534,Flow,Double,L/s,0.0
11711540,Flow,Double,L/s,0.0
11711545,Flow,Double,L/s,0.0
11711620,Flow,Double,L/s,0.0
11711621,Flow,Double,L/s,0.0
11711623,Flow,Double,L/s,0.0
11720986,Flow,Double,L/s,0.0
11720989,Flow,Double,L/s,0.0
11720991,Flow,Double,L/s,0.0
11720994,Flow,Double,L/s,0.0
11720997,Flow,Double,L/s,0.0
11721001,Flow,Double,L/s,0.0
11721003,Flow,Double,L/s,0.0
11721005,Flow,Double,L/s,0.0
11721063,Flow,Double,L/s,0.0
11721074,Flow,Double,L/s,0.0
11721117,Flow,Double,L/s,0.0
11721127,Flow,Double,L/s,0.0
11721149,Flow,Double,L/s,0.0
11721159,Flow,Double,L/s,0.0
11818529,Flow,Double,L/s,0.0
11818530,Flow,Double,L/s,0.0
11818958,Flow,Double,L/s,0.0
11819279,Flow,Double,L/s,0.0
11819280,Flow,Double,L/s,0.0
11819464,Flow,Double,L/s,0.0
11819465,Flow,Double,L/s,0.0
11819486,Flow,Double,L/s,0.0
11819591,Flow,Double,L/s,0.0
11819592,Flow,Double,L/s,0.0
11819793,Flow,Double,L/s,0.0
11819794,Flow,Double,L/s,0.0
11819811,Flow,Double,L/s,0.0
11820027,Flow,Double,L/s,0.0
11820028,Flow,Double,L/s,0.0
11820119,Flow,Double,L/s,0.0
11820240,Flow,Double,L/s,0.0
11820241,Flow,Double,L/s,0.0
11821094,Flow,Double,L/s,0.0
11821298,Flow,Double,L/s,0.0
11821362,Flow,Double,L/s,0.0
11821363,Flow,Double,L/s,0.0
11821365,Flow,Double,L/s,0.0
11821421,Flow,Double,L/s,0.0
11821422,Flow,Double,L/s,0.0
11821424,Flow,Double,L/s,0.0
11821534,Flow,Double,L/s,0.0
11824517,Flow,Double,L/s,0.0
11824572,Flow,Double,L/s,0.0
11824597,Flow,Double,L/s,0.0
11824684,Flow,Double,L/s,0.0
11825605,Flow,Double,L/s,0.0
11844435,Flow,Double,L/s,0.0
11852847,Flow,Double,L/s,0.0
11853298,Flow,Double,L/s,0.0
11853586,Flow,Double,L/s,0.0
11853623,Flow,Double,L/s,0.0
11853639,Flow,Double,L/s,0.0
11853667,Flow,Double,L/s,0.0
11853774,Flow,Double,L/s,0.0
11853776,Flow,Double,L/s,0.0
11853777,Flow,Double,L/s,0.0
11853778,Flow,Double,L/s,0.0
11853781,Flow,Double,L/s,0.0
11853933,Flow,Double,L/s,0.0
11853934,Flow,Double,L/s,0.0
11853936,Flow,Double,L/s,0.0
11853937,Flow,Double,L/s,0.0
11853938,Flow,Double,L/s,0.0
11853941,Flow,Double,L/s,0.0
11854092,Flow,Double,L/s,0.0
11854093,Flow,Double,L/s,0.0
11854094,Flow,Double,L/s,0.0
11854095,Flow,Double,L/s,0.0
11854096,Flow,Double,L/s,0.0
11854099,Flow,Double,L/s,0.0
11854122,Flow,Double,L/s,0.0
11854123,Flow,Double,L/s,0.0
11854124,Flow,Double,L/s,0.0
11854125,Flow,Double,L/s,0.0
11854126,Flow,Double,L/s,0.0
11854129,Flow,Double,L/s,0.0
11854313,Flow,Double,L/s,0.0
11854431,Flow,Double,L/s,0.0
11854714,Flow,Double,L/s,0.0
11854822,Flow,Double,L/s,0.0
11854944,Flow,Double,L/s,0.0
11855032,Flow,Double,L/s,0.0
11855165,Flow,Double,L/s,0.0
11855319,Flow,Double,L/s,0.0
11855722,Flow,Double,L/s,0.0
11855809,Flow,Double,L/s,0.0
11858907,Flow,Double,L/s,0.0
11859138,Flow,Double,L/s,0.0
11859169,Flow,Double,L/s,0.0
11859223,Flow,Double,L/s,0.0
11859280,Flow,Double,L/s,0.0
11859304,Flow,Double,L/s,0.0
11859367,Flow,Double,L/s,0.0
11859423,Flow,Double,L/s,0.0
11859463,Flow,Double,L/s,0.0
11859589,Flow,Double,L/s,0.0
11859644,Flow,Double,L/s,0.0
11859666,Flow,Double,L/s,0.0
11859710,Flow,Double,L/s,0.0
11859745,Flow,Double,L/s,0.0
11859811,Flow,Double,L/s,0.0
11859854,Flow,Double,L/s,0.0
11860044,Flow,Double,L/s,0.0
11860069,Flow,Double,L/s,0.0
11860491,Flow,Double,L/s,0.0
11860493,Flow,Double,L/s,0.0
11860494,Flow,Double,L/s,0.0
11860497,Flow,Double,L/s,0.0
11860559,Flow,Double,L/s,0.0
11860560,Flow,Double,L/s,0.0
11860892,Flow,Double,L/s,0.0
11860940,Flow,Double,L/s,0.0
11860984,Flow,Double,L/s,0.0
11861306,Flow,Double,L/s,0.0
11861328,Flow,Double,L/s,0.0
11861428,Flow,Double,L/s,0.0
11861429,Flow,Double,L/s,0.0
11861687,Flow,Double,L/s,0.0
11861832,Flow,Double,L/s,0.0
11861850,Flow,Double,L/s,0.0
11866345,Flow,Double,L/s,0.0
11866356,Flow,Double,L/s,0.0
11867232,Flow,Double,L/s,0.0
11867239,Flow,Double,L/s,0.0
11867750,Flow,Double,L/s,0.0
11905605,Flow,Double,L/s,0.0
11905752,Flow,Double,L/s,0.0
11905878,Flow,Double,L/s,0.0
11905927,Flow,Double,L/s,0.0
11905965,Flow,Double,L/s,0.0
11906533,Flow,Double,L/s,0.0
11956121,Flow,Double,L/s,0.0
11956128,Flow,Double,L/s,0.0
11956129,Flow,Double,L/s,0.0
11957429,Flow,Double,L/s,0.0
12655503,Flow,Double,L/s,0.0
12655524,Flow,Double,L/s,0.0
14414233,Flow,Double,L/s,0.0
14414249,Flow,Double,L/s,0.0
14414261,Flow,Double,L/s,0.0
14500043,Flow,Double,L/s,0.0
14874428,Flow,Double,L/s,0.0
14875411,Flow,Double,L/s,0.0
14875413,Flow,Double,L/s,0.0
14875714,Flow,Double,L/s,0.0
14875786,Flow,Double,L/s,0.0
14875975,Flow,Double,L/s,0.0
14965624,Flow,Double,L/s,0.0
14965657,Flow,Double,L/s,0.0
14965664,Flow,Double,L/s,0.0
14966064,Flow,Double,L/s,0.0
14966976,Flow,Double,L/s,0.0
14966985,Flow,Double,L/s,0.0
15004405,Flow,Double,L/s,0.0
15006161,Flow,Double,L/s,0.0
15006217,Flow,Double,L/s,0.0
15006244,Flow,Double,L/s,0.0
15006284,Flow,Double,L/s,0.0
15097505,Flow,Double,L/s,0.0
15097730,Flow,Double,L/s,0.0
15116923,Flow,Double,L/s,0.0
15116945,Flow,Double,L/s,0.0
15117433,Flow,Double,L/s,0.0
15117442,Flow,Double,L/s,0.0
15117960,Flow,Double,L/s,0.0
15117997,Flow,Double,L/s,0.0
15118217,Flow,Double,L/s,0.0
15118244,Flow,Double,L/s,0.0
15367869,Flow,Double,L/s,0.0
15367882,Flow,Double,L/s,0.0
15368014,Flow,Double,L/s,0.0
15368153,Flow,Double,L/s,0.0
15368299,Flow,Double,L/s,0.0
15368416,Flow,Double,L/s,0.0
15368418,Flow,Double,L/s,0.0
15368699,Flow,Double,L/s,0.0
15369016,Flow,Double,L/s,0.0
15369018,Flow,Double,L/s,0.0
15818211,Flow,Double,L/s,0.0
15870303,Flow,Double,L/s,0.0
15889856,Flow,Double,L/s,0.0
15889950,Flow,Double,L/s,0.0
15889951,Flow,Double,L/s,0.0
15889952,Flow,Double,L/s,0.0
15889953,Flow,Double,L/s,0.0
15889955,Flow,Double,L/s,0.0
15889956,Flow,Double,L/s,0.0
15889960,Flow,Double,L/s,0.0
15889962,Flow,Double,L/s,0.0
15889963,Flow,Double,L/s,0.0
15889965,Flow,Double,L/s,0.0
15890263,Flow,Double,L/s,0.0
15890264,Flow,Double,L/s,0.0
15890265,Flow,Double,L/s,0.0
15890267,Flow,Double,L/s,0.0
15890269,Flow,Double,L/s,0.0
15890272,Flow,Double,L/s,0.0
15890273,Flow,Double,L/s,0.0
15890274,Flow,Double,L/s,0.0
15890278,Flow,Double,L/s,0.0
15890279,Flow,Double,L/s,0.0
15890519,Flow,Double,L/s,0.0
15890520,Flow,Double,L/s,0.0
15890522,Flow,Double,L/s,0.0
15890524,Flow,Double,L/s,0.0
15890526,Flow,Double,L/s,0.0
15890529,Flow,Double,L/s,0.0
15890530,Flow,Double,L/s,0.0
15890531,Flow,Double,L/s,0.0
15890533,Flow,Double,L/s,0.0
15890536,Flow,Double,L/s,0.0
15890537,Flow,Double,L/s,0.0
15890765,Flow,Double,L/s,0.0
15890766,Flow,Double,L/s,0.0
15890767,Flow,Double,L/s,0.0
15890769,Flow,Double,L/s,0.0
15890771,Flow,Double,L/s,0.0
15890774,Flow,Double,L/s,0.0
15890775,Flow,Double,L/s,0.0
15890776,Flow,Double,L/s,0.0
15890780,Flow,Double,L/s,0.0
15890781,Flow,Double,L/s,0.0
15891065,Flow,Double,L/s,0.0
15891066,Flow,Double,L/s,0.0
15891068,Flow,Double,L/s,0.0
15891072,Flow,Double,L/s,0.0
15891181,Flow,Double,L/s,0.0
15891182,Flow,Double,L/s,0.0
15891184,Flow,Double,L/s,0.0
15891188,Flow,Double,L/s,0.0
15891412,Flow,Double,L/s,0.0
15891413,Flow,Double,L/s,0.0
15891415,Flow,Double,L/s,0.0
15891419,Flow,Double,L/s,0.0
15891532,Flow,Double,L/s,0.0
15891533,Flow,Double,L/s,0.0
15891535,Flow,Double,L/s,0.0
15891539,Flow,Double,L/s,0.0
15891756,Flow,Double,L/s,0.0
15891757,Flow,Double,L/s,0.0
15891759,Flow,Double,L/s,0.0
15891763,Flow,Double,L/s,0.0
15891828,Flow,Double,L/s,0.0
15891829,Flow,Double,L/s,0.0
15891830,Flow,Double,L/s,0.0
15891832,Flow,Double,L/s,0.0
15891834,Flow,Double,L/s,0.0
15891837,Flow,Double,L/s,0.0
15891838,Flow,Double,L/s,0.0
15891839,Flow,Double,L/s,0.0
15891843,Flow,Double,L/s,0.0
15891844,Flow,Double,L/s,0.0
15891875,Flow,Double,L/s,0.0
15891876,Flow,Double,L/s,0.0
15891877,Flow,Double,L/s,0.0
15891879,Flow,Double,L/s,0.0
15891881,Flow,Double,L/s,0.0
15891884,Flow,Double,L/s,0.0
15891885,Flow,Double,L/s,0.0
15891886,Flow,Double,L/s,0.0
15891890,Flow,Double,L/s,0.0
15891891,Flow,Double,L/s,0.0
15891989,Flow,Double,L/s,0.0
15891990,Flow,Double,L/s,0.0
15891991,Flow,Double,L/s,0.0
15891993,Flow,Double,L/s,0.0
15891995,Flow,Double,L/s,0.0
15891998,Flow,Double,L/s,0.0
15891999,Flow,Double,L/s,0.0
15892000,Flow,Double,L/s,0.0
15892004,Flow,Double,L/s,0.0
15892005,Flow,Double,L/s,0.0
15892145,Flow,Double,L/s,0.0
15892146,Flow,Double,L/s,0.0
15892147,Flow,Double,L/s,0.0
15892149,Flow,Double,L/s,0.0
15892151,Flow,Double,L/s,0.0
15892154,Flow,Double,L/s,0.0
15892155,Flow,Double,L/s,0.0
15892156,Flow,Double,L/s,0.0
15892160,Flow,Double,L/s,0.0
15892161,Flow,Double,L/s,0.0
15892300,Flow,Double,L/s,0.0
15892301,Flow,Double,L/s,0.0
15892302,Flow,Double,L/s,0.0
15892304,Flow,Double,L/s,0.0
15892306,Flow,Double,L/s,0.0
15892309,Flow,Double,L/s,0.0
15892310,Flow,Double,L/s,0.0
15892311,Flow,Double,L/s,0.0
15892315,Flow,Double,L/s,0.0
15892316,Flow,Double,L/s,0.0
15894102,Flow,Double,L/s,0.0
15894103,Flow,Double,L/s,0.0
15894531,Flow,Double,L/s,0.0
15894539,Flow,Double,L/s,0.0
15894552,Flow,Double,L/s,0.0
15894560,Flow,Double,L/s,0.0
15894568,Flow,Double,L/s,0.0
15909015,Flow,Double,L/s,0.0
15909106,Flow,Double,L/s,0.0
15909116,Flow,Double,L/s,0.0
15909713,Flow,Double,L/s,0.0
15909724,Flow,Double,L/s,0.0
15938337,Flow,Double,L/s,0.0
15938577,Flow,Double,L/s,0.0
15938606,Flow,Double,L/s,0.0
15938642,Flow,Double,L/s,0.0
15938784,Flow,Double,L/s,0.0
16024212,Flow,Double,L/s,0.0
16024284,Flow,Double,L/s,0.0
16024695,Flow,Double,L/s,0.0
16024872,Flow,Double,L/s,0.0
16025341,Flow,Double,L/s,0.0
16045427,Flow,Double,L/s,0.0
16045451,Flow,Double,L/s,0.0
16045676,Flow,Double,L/s,0.0
16045713,Flow,Double,L/s,0.0
16045716,Flow,Double,L/s,0.0
16045718,Flow,Double,L/s,0.0
16063244,Flow,Double,L/s,0.0
16063462,Flow,Double,L/s,0.0
16063469,Flow,Double,L/s,0.0
16063490,Flow,Double,L/s,0.0
16063497,Flow,Double,L/s,0.0
16063506,Flow,Double,L/s,0.0
16063697,Flow,Double,L/s,0.0
16063712,Flow,Double,L/s,0.0
16063734,Flow,Double,L/s,0.0
16066784,Flow,Double,L/s,0.0
16067080,Flow,Double,L/s,0.0
16069901,Flow,Double,L/s,0.0
16069929,Flow,Double,L/s,0.0
16070164,Flow,Double,L/s,0.0
16070208,Flow,Double,L/s,0.0
16070310,Flow,Double,L/s,0.0
16070391,Flow,Double,L/s,0.0
16070442,Flow,Double,L/s,0.0
16070537,Flow,Double,L/s,0.0
16070544,Flow,Double,L/s,0.0
16070666,Flow,Double,L/s,0.0
16071121,Flow,Double,L/s,0.0
16071678,Flow,Double,L/s,0.0
16071720,Flow,Double,L/s,0.0
16073969,Flow,Double,L/s,0.0
7464535,Flow,Double,L/s,0.0
7465372,Flow,Double,L/s,0.0
7465494,Flow,Double,L/s,0.0
7465495,Flow,Double,L/s,0.0
7465871,Flow,Double,L/s,0.0
7466119,Flow,Double,L/s,0.0
7466127,Flow,Double,L/s,0.0
7466252,Flow,Double,L/s,0.0
7466337,Flow,Double,L/s,0.0
7466394,Flow,Double,L/s,0.0
7466514,Flow,Double,L/s,0.0
7466568,Flow,Double,L/s,0.0
7466651,Flow,Double,L/s,0.0
7466921,Flow,Double,L/s,0.0
7467364,Flow,Double,L/s,0.0
7469408,Flow,Double,L/s,0.0
7469412,Flow,Double,L/s,0.0
7469418,Flow,Double,L/s,0.0
7469422,Flow,Double,L/s,0.0
7469486,Flow,Double,L/s,0.0
7469593,Flow,Double,L/s,0.0
7469809,Flow,Double,L/s,0.0
7469825,Flow,Double,L/s,0.0
7469848,Flow,Double,L/s,0.0
7469928,Flow,Double,L/s,0.0
7469936,Flow,Double,L/s,0.0
7470053,Flow,Double,L/s,0.0
7470055,Flow,Double,L/s,0.0
7470061,Flow,Double,L/s,0.0
7470065,Flow,Double,L/s,0.0
7470075,Flow,Double,L/s,0.0
7470096,Flow,Double,L/s,0.0
7470225,Flow,Double,L/s,0.0
7470253,Flow,Double,L/s,0.0
7470255,Flow,Double,L/s,0.0
7470261,Flow,Double,L/s,0.0
7470265,Flow,Double,L/s,0.0
7470269,Flow,Double,L/s,0.0
7470271,Flow,Double,L/s,0.0
7470445,Flow,Double,L/s,0.0
7470650,Flow,Double,L/s,0.0
7470693,Flow,Double,L/s,0.0
7470695,Flow,Double,L/s,0.0
7470701,Flow,Double,L/s,0.0
7470705,Flow,Double,L/s,0.0
7470709,Flow,Double,L/s,0.0
7470711,Flow,Double,L/s,0.0
7471647,Flow,Double,L/s,0.0
7471657,Flow,Double,L/s,0.0
7471668,Flow,Double,L/s,0.0
7471685,Flow,Double,L/s,0.0
7472095,Flow,Double,L/s,0.0
7472097,Flow,Double,L/s,0.0
7472103,Flow,Double,L/s,0.0
7472107,Flow,Double,L/s,0.0
7472111,Flow,Double,L/s,0.0
7472117,Flow,Double,L/s,0.0
7472145,Flow,Double,L/s,0.0
7474138,Flow,Double,L/s,0.0
7474153,Flow,Double,L/s,0.0
7474198,Flow,Double,L/s,0.0
7474476,Flow,Double,L/s,0.0
7475265,Flow,Double,L/s,0.0
7475501,Flow,Double,L/s,0.0
7475503,Flow,Double,L/s,0.0
7475509,Flow,Double,L/s,0.0
7475513,Flow,Double,L/s,0.0
7475521,Flow,Double,L/s,0.0
7475631,Flow,Double,L/s,0.0
7476294,Flow,Double,L/s,0.0
7476415,Flow,Double,L/s,0.0
7476588,Flow,Double,L/s,0.0
7476590,Flow,Double,L/s,0.0
7476594,Flow,Double,L/s,0.0
7476598,Flow,Double,L/s,0.0
7476602,Flow,Double,L/s,0.0
7476628,Flow,Double,L/s,0.0
7476630,Flow,Double,L/s,0.0
7476634,Flow,Double,L/s,0.0
7476638,Flow,Double,L/s,0.0
7476642,Flow,Double,L/s,0.0
7476767,Flow,Double,L/s,0.0
7476796,Flow,Double,L/s,0.0
7476873,Flow,Double,L/s,0.0
7476909,Flow,Double,L/s,0.0
7476911,Flow,Double,L/s,0.0
7476915,Flow,Double,L/s,0.0
7476919,Flow,Double,L/s,0.0
7476923,Flow,Double,L/s,0.0
7476990,Flow,Double,L/s,0.0
7476992,Flow,Double,L/s,0.0
7476996,Flow,Double,L/s,0.0
7477000,Flow,Double,L/s,0.0
7477004,Flow,Double,L/s,0.0
7477008,Flow,Double,L/s,0.0
7477080,Flow,Double,L/s,0.0
7477139,Flow,Double,L/s,0.0
7477206,Flow,Double,L/s,0.0
7477273,Flow,Double,L/s,0.0
7477275,Flow,Double,L/s,0.0
7477279,Flow,Double,L/s,0.0
7477283,Flow,Double,L/s,0.0
7477287,Flow,Double,L/s,0.0
7477291,Flow,Double,L/s,0.0
7477399,Flow,Double,L/s,0.0
7477478,Flow,Double,L/s,0.0
7477480,Flow,Double,L/s,0.0
7477484,Flow,Double,L/s,0.0
7477488,Flow,Double,L/s,0.0
7477492,Flow,Double,L/s,0.0
7477494,Flow,Double,L/s,0.0
7477750,Flow,Double,L/s,0.0
7477752,Flow,Double,L/s,0.0
7477756,Flow,Double,L/s,0.0
7477760,Flow,Double,L/s,0.0
7477764,Flow,Double,L/s,0.0
7477871,Flow,Double,L/s,0.0
7477919,Flow,Double,L/s,0.0
7477921,Flow,Double,L/s,0.0
7477925,Flow,Double,L/s,0.0
7477929,Flow,Double,L/s,0.0
7477933,Flow,Double,L/s,0.0
7478268,Flow,Double,L/s,0.0
7478677,Flow,Double,L/s,0.0
7478685,Flow,Double,L/s,0.0
7478736,Flow,Double,L/s,0.0
7479195,Flow,Double,L/s,0.0
7479203,Flow,Double,L/s,0.0
7479247,Flow,Double,L/s,0.0
7479478,Flow,Double,L/s,0.0
7479547,Flow,Double,L/s,0.0
7479604,Flow,Double,L/s,0.0
7479668,Flow,Double,L/s,0.0
7480376,Flow,Double,L/s,0.0
7480943,Flow,Double,L/s,0.0
7480955,Flow,Double,L/s,0.0
7481246,Flow,Double,L/s,0.0
7481282,Flow,Double,L/s,0.0
7481330,Flow,Double,L/s,0.0
7482125,Flow,Double,L/s,0.0
7482136,Flow,Double,L/s,0.0
7482517,Flow,Double,L/s,0.0
7482519,Flow,Double,L/s,0.0
7482523,Flow,Double,L/s,0.0
7482527,Flow,Double,L/s,0.0
7482531,Flow,Double,L/s,0.0
7482535,Flow,Double,L/s,0.0
7482557,Flow,Double,L/s,0.0
7482559,Flow,Double,L/s,0.0
7482563,Flow,Double,L/s,0.0
7482567,Flow,Double,L/s,0.0
7482571,Flow,Double,L/s,0.0
7482637,Flow,Double,L/s,0.0
7482639,Flow,Double,L/s,0.0
7482643,Flow,Double,L/s,0.0
7482647,Flow,Double,L/s,0.0
7482651,Flow,Double,L/s,0.0
7482707,Flow,Double,L/s,0.0
7482709,Flow,Double,L/s,0.0
7482713,Flow,Double,L/s,0.0
7482717,Flow,Double,L/s,0.0
7482721,Flow,Double,L/s,0.0
7482747,Flow,Double,L/s,0.0
7482749,Flow,Double,L/s,0.0
7482753,Flow,Double,L/s,0.0
7482757,Flow,Double,L/s,0.0
7482761,Flow,Double,L/s,0.0
7482866,Flow,Double,L/s,0.0
7483079,Flow,Double,L/s,0.0
7483088,Flow,Double,L/s,0.0
7483151,Flow,Double,L/s,0.0
7483231,Flow,Double,L/s,0.0
7483325,Flow,Double,L/s,0.0
7483561,Flow,Double,L/s,0.0
7484013,Flow,Double,L/s,0.0
7484021,Flow,Double,L/s,0.0
7484044,Flow,Double,L/s,0.0
7484072,Flow,Double,L/s,0.0
7484350,Flow,Double,L/s,0.0
7484368,Flow,Double,L/s,0.0
7612629,Flow,Double,L/s,0.0
7612655,Flow,Double,L/s,0.0
7612849,Flow,Double,L/s,0.0
7678116,Flow,Double,L/s,0.0
7862430,Flow,Double,L/s,0.0
8037369,Flow,Double,L/s,0.0
8788236,Flow,Double,L/s,0.0
8788726,Flow,Double,L/s,0.0
8788728,Flow,Double,L/s,0.0
8788732,Flow,Double,L/s,0.0
8788736,Flow,Double,L/s,0.0
8788740,Flow,Double,L/s,0.0
8788746,Flow,Double,L/s,0.0
8788748,Flow,Double,L/s,0.0
8788964,Flow,Double,L/s,0.0
8789396,Flow,Double,L/s,0.0
8789889,Flow,Double,L/s,0.0
8789891,Flow,Double,L/s,0.0
8789897,Flow,Double,L/s,0.0
8789901,Flow,Double,L/s,0.0
8789905,Flow,Double,L/s,0.0
8789907,Flow,Double,L/s,0.0
8789911,Flow,Double,L/s,0.0
8790118,Flow,Double,L/s,0.0
9038012,Flow,Double,L/s,0.0
